;wag;rt;emp;loa;car;pi;cpi;wibor_on;wibor_1m;reer;all_com_pri_ind;m3;pi_ea;pi_germany
1993-01-01;342,8732753;110,574265;5843,263105;22813,85596;8,356099502;35,29587878;32,98949779;19,32;34,77;65,57669626;52,83812157;11972,93106;83,3;77,4
1993-02-01;362,5209749;106,4910075;5839,740224;23363,35867;8,102110673;34,50899634;34,04978895;18,32;33,77;66,93250584;53,72611055;12605,96462;82,5;76,2
1993-03-01;364,6036049;107,6212327;5824,700962;24128,587;8,254748493;34,17245698;34,83235522;15,32;30,77;67,88580945;54,25005214;13293,32263;82,2;76,1
1993-04-01;372,0935177;111,163711;5825,313742;24765,82371;8,405316568;34,14047447;35,4617976;15,32;30,77;67,66337194;54,64628297;14041,69836;81,7;75,5
1993-05-01;384,0767942;113,8987745;5812,321712;25347,64526;8,530765616;33,97927429;36,23462767;15,32;30,77;68,351869;54,76526998;14772,04526;81,5;75,3
1993-06-01;392,5410505;118,1966642;5794,530632;26126,27379;8,728186441;33,87970791;36,99956457;15,32;30,77;68,33068447;53,37362861;15572,73378;81,1;74,9
1993-07-01;402,7033091;104,2219305;5778,107542;26755,34474;8,430927293;35,29841586;38,22239803;15,32;30,77;69,70767858;52,96389179;16406,34049;80,7;73,3
1993-08-01;423,4135518;101,9957287;5764,767087;27503,8633;8,396801197;34,03253841;39,58822891;16,8;31,45;70,01485419;52,53337924;17275,13333;81,7;76,4
1993-09-01;427,3683472;103,010134;5753,439284;28129,69315;8,940309892;34,42796426;40,05656407;15,64;32,36;64,4115474;51,51419982;18225,19644;82,2;76,1
1993-10-01;432,4879017;104,026005;5749,412566;28778,86449;9,274612203;36,561861;40,70575299;14,42;32,48;64,77168432;51,78197839;19143,18622;82,1;76,1
1993-11-01;448,9255905;105,9724482;5739,551085;29229,39879;9,448124022;35,35286792;42,23208095;12,75;32,57;66,13808616;50,47633275;20201,62744;82;75,8
1993-12-01;456,0824428;102,5383104;5741,890938;30107,69696;9,537982163;34,91980614;44,71656815;17,57;32,64;68,65904461;49,31389083;21094,16712;82,1;76,5
1994-01-01;485,3467003;103,8422437;5669,166369;30840,04954;9,795950793;36,17652452;44,58891692;22,64;32,57;68,98389649;50,35490793;22454,11851;82,3;75,9
1994-02-01;494,2527681;106,9431518;5645,763226;31514,39283;9,846559505;35,75886327;45,01574407;13,25;32,34;68,22585623;50,69438287;23640,79931;83,5;77,2
1994-03-01;520,7291087;109,5929136;5640,118227;32035,99466;9,84900455;36,02225684;45,97469043;17,15;31,01;67,83872324;50,53111809;24929,93048;83,5;76,7
1994-04-01;520,8197107;99,55678153;5626,788594;32569,4067;9,879782101;35,73784513;47,13104614;15,57;31,54;68,29068307;52,59123185;26334,12885;85;77,7
1994-05-01;541,3881361;99,51929256;5616,226178;33141,11135;10,12437319;36,94077297;48,05480862;12,81;30,55;67,73440637;54,85258107;27703,2093;84,8;77,4
1994-06-01;559,4521113;98,78232113;5604,882709;33756,33296;10,38537176;37,39307177;49,41527438;11,53;30,67;67,88315472;56,59238258;29204,96346;85,3;77,7
1994-07-01;575,449656;99,18615229;5617,999745;34408,49891;10,62856313;35,60538553;51,00711358;12,21;30,11;66,99389937;57,86989748;30768,25963;85,5;77,4
1994-08-01;579,873724;102,9574487;5618,317957;34725,07886;10,82085213;35,58056063;52,3988055;12,15;29,58;66,82632612;56,59290384;32397,34797;85,7;77,5
1994-09-01;603,2818199;102,9025389;5621,64846;35305,35692;10,96755268;35,99520899;54,19783775;18,78;29,91;68,44167866;56,68316035;34179,69393;86,1;78,5
1994-10-01;621,3129831;101,545114;5613,094994;36080,74473;11,12362614;37,09818455;55,64104558;25,13;29,55;69,21050158;56,94113301;35899,95981;87,1;80
1994-11-01;633,5114733;102,4573688;5626,126927;36985,60608;11,39161316;37,49993729;56,57944351;25,6;29,1;69,48613892;57,90465084;37885,74615;87,7;79,9
1994-12-01;654,2160589;104,6354372;5627,287259;37694,45493;11,64107764;37,30264955;57,76712749;24,83;28,24;69,76397341;57,46242621;39555,14787;88,5;80
1995-01-01;668,075077;108,5939372;5655,675799;38542,95107;11,72331482;39,17337752;59,15116323;26,65;28,43;70,99371914;58,87587313;42110,95473;88;78,5
1995-02-01;675,2288615;110,3145607;5672,643352;39255,44126;11,59480248;40,02657872;60,32180892;23,75;28,76;71,05122664;59,32542357;44335,12596;88,2;79,7
1995-03-01;688,6798985;109,0425202;5696,525735;40631,83209;11,42155525;39,4786112;61,40432843;28,26;30,05;71,09797348;59,84431465;46753,29085;88;79,1
1995-04-01;724,8258988;106,675936;5691,471191;41604,10264;11,27685179;39,89461095;62,6221039;27,78;29,38;71,67648445;61,36012639;49389,55082;88,4;79,5
1995-05-01;730,1005824;109,3129574;5702,610086;42611,90392;11,34776721;40,42732849;63,86012714;27,32;28,2;72,95987903;60,72455614;51954,93292;88,6;79,9
1995-06-01;737,2649369;109,6383401;5700,832551;43768,65934;11,43293202;40,67483555;64,75250246;26,72;27,33;73,80185112;60,08802944;54771,90655;88,2;79,2
1995-07-01;750,3698461;110,5823942;5699,961112;45155,63365;11,50111007;41,43015718;65,04727595;26,74;27,52;71,69379581;59,06598758;57703,49278;88,2;78,8
1995-08-01;778,1115112;112,5940332;5703,516588;46243,51923;11,51748109;42,33799871;65,88774317;26,61;26,82;71,621972;58,89612453;60757,6557;88;78,1
1995-09-01;797,4221126;112,2508077;5701,863829;47420,57419;11,49356775;42,3084483;67,32504093;26,27;26,29;73,60767583;58,72468722;64102,36148;88,7;79,6
1995-10-01;813,2845594;113,6519916;5706,271238;48687,89879;11,47700663;41,07674838;68,39796944;25,64;25,74;73,62897795;58,05737007;67323,30178;87,5;77,4
1995-11-01;821,8605528;115,8881045;5709,142409;49991,73495;11,57191762;42,87699188;69,25112998;25,61;25,71;73,54449445;58,50590354;71050,16025;87,7;78,1
1995-12-01;832,6943801;114,3447689;5703,447445;50936,15347;11,64721551;43,44106884;70,37811533;25,29;25,68;74,1456225;59,36598718;74163,82186;88,8;78,5
1996-01-01;857,4191925;114,5321295;5626,186251;51663,69274;11,79575785;42,77726372;71,7531761;23,54;23,92;77,5233074;59,12384878;78976,7516;87,5;78,2
1996-02-01;880,3291935;119,2016299;5627,671819;53146,78571;11,72796573;42,70550421;72,7375455;22,86;22,81;77,52232119;59,79006565;83144,56298;87,3;78,3
1996-03-01;892,7149663;119,2914397;5623,030156;54128,71083;11,61863406;44,22510419;73,87208414;22,94;22,85;77,77283501;61,60260708;87681,41752;87,5;78,5
1996-04-01;910,9685749;120,5351953;5634,409582;55484,24183;11,53839142;44,21838104;75,31268606;22,92;22,92;78,91367086;64,22310076;92633,77102;86,6;78
1996-05-01;932,386916;117,7416451;5628,082778;56856,71063;11,67782599;44,14155769;76,46569441;21,54;22,09;79,33756865;63,37285689;97438,88298;87,5;78,9
1996-06-01;934,5175516;118,4093331;5651,856663;58705,25868;11,82954812;43,54667452;77,47020853;21,98;21,75;78,55059773;61,23833634;102723,6914;87,6;78,9
1996-07-01;959,2528888;121,7905113;5655,890489;59949,61765;11,96497935;45,1232283;78,28020732;19,8;20,44;77,4276951;61,85593016;108221,1471;86,7;78,1
1996-08-01;976,4481135;120,629073;5667,555432;62275,06308;12,04721769;45,93025537;79,28891354;17,84;19,65;76,53536368;62,41389228;113946,1953;87,9;79,4
1996-09-01;985,8726137;123,670046;5676,141052;64506,98018;12,09406409;45,79323962;80,31014977;21,01;19,83;77,35376741;62,94385746;120225,0706;87,9;79,9
1996-10-01;1014,275366;125,31989;5687,655182;66813,96978;12,14635706;45,96537598;81,29437767;19,82;19,59;78,01308957;63,76636516;126251,0818;87,3;78,9
1996-11-01;1031,648165;124,4413392;5693,233186;69391,98012;12,3106702;45,90355419;82,32728467;19,5;19,6;78,28940673;62,92421082;133248,8701;88,1;79,8
1996-12-01;1048,039384;127,4158137;5699,972848;72542,51949;12,45426573;46,9674613;83,46901698;22,8;22,74;79,52904217;64,24485414;139041,9869;87,9;79,9
1997-01-01;1053,791601;132,9038908;5697,538976;74682,71571;11,53653909;47,21586987;82,85921593;21,57;22,2;81,6759634;64,85775661;139460,4571;88;79,3
1997-02-01;1075,211818;130,3149204;5700,681426;76960,48352;11,92863435;48,12775891;85,68659737;21,89;22,48;82,8739879;62,13886061;141667,8247;88,6;79,8
1997-03-01;1091,861587;130,5849669;5702,185737;79162,80656;12,28172315;47,81851204;86,40211209;22,88;22,57;83,23324039;61,54906499;145013,0187;89,6;80,6
1997-04-01;1104,217599;131,7774461;5708,130952;81427,84266;12,66501497;49,57330192;87,09080613;22,41;22,89;83,37389537;59,73720715;148487,4932;90,5;80,4
1997-05-01;1117,711859;132,0508437;5716,027411;83051,78009;12,67336022;48,14613675;87,69139229;23,19;23,01;82,07746292;61,69139404;151895,0357;89,7;79,8
1997-06-01;1163,619213;135,9700084;5720,154148;85046,51505;12,69234401;51,11844838;89,25473938;22,63;22,66;82,27860785;58,62281196;155012,7551;91,2;82
1997-07-01;1178,217425;133,6675784;5727,352106;87098,76483;12,69545;49,68080083;89,93973252;21,91;24,04;80,13368523;58,38692611;160694,257;91,8;82,9
1997-08-01;1179,084047;135,2139526;5729,449141;89031,19701;12,61009671;50,3671509;90,67642247;23,61;25,14;80,03528746;58,6927491;162508,5461;91,9;80,5
1997-09-01;1200,636599;139,0302408;5742,535549;91069,54507;12,49389606;51,76563985;91,49609269;23,32;25,01;79,88213578;58,15470363;165361,3616;91,6;81,1
1997-10-01;1219,877327;142,3609298;5750,161262;92234,13304;12,38127628;50,83664678;92,34887556;21,62;24,88;80,28343211;58,96158628;169906,3676;92,9;82,4
1997-11-01;1241,658914;141,4784013;5751,265892;94561,24581;12,38244918;52,2548826;93,43921699;24,32;25,07;78,60779075;57,90454941;173435,8014;92,6;82,7
1997-12-01;1234,577707;145,1923666;5745,040653;96267,36134;12,36147587;52,06341264;94,44481897;19,26;25,61;80,57684972;54,53740429;177811,559;93,4;83,4
1998-01-01;1281,936146;148,0552315;5819,956293;98999,87912;12,34392873;52,68495206;96,3506764;25,44;26,05;85,63766849;51,13894828;178445,3351;93,8;84,1
1998-02-01;1283,601182;152,883887;5836,732151;100672,2852;12,49626751;53,36536062;97,92592597;23,56;24,96;86,45955826;50,62314379;180816,3677;94,2;84
1998-03-01;1284,207841;149,1854617;5841,478105;102830,1392;12,61272594;52,38773814;98,47282323;23,08;25,13;89,17031034;49,47580271;183321,934;94,1;85
1998-04-01;1292,524381;151,1093894;5842,901288;104685,5469;12,76106938;52,98937199;98,96735516;23,41;24,42;90,13297848;49,82374431;186496,7238;94,3;84,5
1998-05-01;1325,955322;153,9318835;5847,084342;106652,8529;12,67088414;53,3876308;99,48053682;23,12;23,22;88,78688539;50,26478603;191296,741;94,7;84,8
1998-06-01;1335,666686;150,849621;5849,947814;108754,0299;12,58985523;52,50869724;99,83464756;22,22;22,26;88,58214851;48,08504211;195695,001;94,2;84,1
1998-07-01;1346,264934;152,3098296;5852,983402;110335,5543;12,49359589;52,37865427;100,5539228;20,67;21,25;88,59600957;47,39345186;200006,7223;95,1;86
1998-08-01;1368,832254;155,4565823;5837,485542;111711,9759;12,23949832;53,16463808;100,9448261;19,79;19,96;85,36980692;46,05981299;205249,7969;93,8;84,5
1998-09-01;1377,839426;154,7499678;5825,166221;114368,2259;11,9589658;51,9116448;101,2109581;18,13;18,88;82,92583966;47,03583766;207054,0462;94,1;83,6
1998-10-01;1394,392377;155,52081;5822,223941;116964,9284;11,68034251;51,3746721;101,5434529;18,63;18,38;83,27293678;45,94985507;207279,403;94,3;84,1
1998-11-01;1417,293936;155,1746219;5799,960374;118891,1217;11,35168287;50,57675835;101,9521805;17,27;17,41;86,56650892;44,55330496;210823,3961;93,7;83
1998-12-01;1423,974097;154,9871071;5800,802134;120630,3753;10,99932612;50,76785536;102,5317356;15,67;16,52;85,58028144;42,29615003;221681,114;93,1;83,3
1999-01-01;1670,938838;155,1503731;5854,400528;122726,0929;10,64886143;51,08193805;103,0994941;15,23;15,27;87,42398303;43,37650911;226662,7779;94,6;84,7
1999-02-01;1695,812159;167,7130829;5822,375763;125354,0135;11,63034621;50,73205345;103,6212542;13,33;13,36;84,23220019;41,97754885;233367,6168;93,3;83,1
1999-03-01;1747,72553;176,7415703;5807,118595;127481,7562;12,57936695;53,55322588;104,5813072;12,89;13,36;83,84394547;43,89945074;236818,9537;93,4;83,6
1999-04-01;1760,500722;173,3346372;5793,659324;130480,0385;13,56175705;52,78673998;105,2977211;13,35;13,36;84,36147433;46,83513595;237500,5638;94,1;84,4
1999-05-01;1794,921543;180,6370631;5778,70474;133624,5421;13,53942885;54,80224023;105,9787925;13,3;13,35;86,58849365;47,60007698;240250,0206;94;84,7
1999-06-01;1819,883235;180,079886;5762,69774;135556,4977;13,52483741;52,93768346;106,440537;13,29;13,34;87,92864511;47,37606983;242975,8727;94,8;84,6
1999-07-01;1847,236291;185,0441698;5742,019579;137788,3917;13,49539216;54,21661038;106,8054342;13,29;13,34;88,92811171;49,74882002;244597,3438;95,5;85,3
1999-08-01;1858,98646;185,7398813;5743,676331;140704,476;13,37056914;55,61241907;108,0708875;13,23;13,4;86,03814481;52,21861513;247682,1862;95,4;86
1999-09-01;1881,449199;184,6447923;5729,954211;143347,2455;13,22333548;56,17268442;109,2819959;12,9;13,83;84,90483075;55,0832824;252675,5611;96,1;85,6
1999-10-01;1899,926854;186,218586;5718,426456;146065,0524;13,07619297;56,6683273;110,2818699;12,78;14,72;83,86987361;55,12401456;256542,6796;97,1;86,6
1999-11-01;1917,859253;189,6482368;5716,132131;149671,3995;12,98147695;57,23684003;111,3025284;14,55;16,77;84,35665482;57,10128272;261656,7901;97,5;86,7
1999-12-01;1974,115323;191,2584833;5707,955236;151440,0093;12,86115542;59,91371065;112,3907521;16,54;20,43;88,00233049;58,26950907;266183,018;97,1;86,8
2000-01-01;1966,436215;181,0657003;5335,658629;154610,2918;12,74392557;55,79296124;113,5544652;17,51;17,11;90,66316076;59,46991563;261479,861;96,9;86,2
2000-02-01;1996,627645;184,6367919;5320,204438;156672,7954;12,59237583;57,51060773;114,5242042;14,59;17,43;92,39923474;61,76275954;264578,9191;98;88,1
2000-03-01;1996,872645;186,0783235;5309,089924;159001,1902;12,41409262;56,6498291;115,4582234;15,83;18,17;95,69095402;62,21020086;269853,6919;98,4;87,9
2000-04-01;2053,169312;190,0398852;5298,526498;160875,5664;12,26759084;58,4935488;115,7488249;16,32;18,16;94,09530696;58,34500454;273951,7272;99,4;89,2
2000-05-01;2019,818759;185,0907926;5292,487893;163672,1165;12,38005898;59,23746456;116,4687846;14,53;18,14;92,69306462;62,49043434;277093,2258;100,7;91,1
2000-06-01;2054,536339;188,1904194;5287,668122;175386,2176;12,49857334;60,06098329;117,6291994;17,34;18,12;91,54563547;64,61883991;292252,1842;99,3;88,7
2000-07-01;2049,066222;184,7865676;5278,930961;169098,6023;12,60237951;59,40950571;119,1334591;17,51;18,05;94,47519171;63,04748921;284969,771;100,5;90,8
2000-08-01;2080,632572;183,577186;5267,812997;172377,7639;12,70561693;59,48959842;119,4136706;17,23;18,29;96,00049882;63,95526396;285335,4127;100,5;91,4
2000-09-01;2097,016507;183,0658599;5264,435505;174194,2831;12,79023774;59,94471831;120,2503239;18;19,39;96,86460323;67,21727272;289754,0769;100,7;91,5
2000-10-01;2104,780005;180,9045328;5256,288845;176536,9635;12,87316632;59,48648104;121,0224536;19,49;19,46;95,97933016;66,15264208;295229,2607;100,8;91,2
2000-11-01;2114,353651;182,4632263;5239,539967;177378,6878;13,07819229;59,71610079;121,558474;18,83;19,64;97,92145932;66,95025445;299294,0028;101,8;91,6
2000-12-01;2134,965679;183,6989833;5223,936599;179070,989;13,25549293;61,07820067;121,8588047;18,8;19,84;99,22250908;61,06915128;297743,1198;102,5;92,1
2001-01-01;2139,823136;176,4915669;5199,59216;181238,5227;13,4374409;59,47931604;122,1226926;20,38;19,44;101,3874806;61,87795947;299821,013;101,5;91,7
2001-02-01;2145,59648;173,8383894;5192,627863;184028,3295;13,68591968;59,1894178;122,2301217;20,24;19,33;103,1934914;62,47145252;303848,9536;101,9;92,7
2001-03-01;2165,242687;174,0340325;5172,08361;185904,7062;13,91331915;59,70004568;122,745133;19,41;18,37;105,4836723;60,3348537;309549,2342;101,3;91,5
2001-04-01;2173,919865;177,7654157;5154,893262;187363,7974;14,17095166;59,65279761;123,4883799;18,56;17,44;108,4613566;61,1564029;311489,8876;100,4;90,4
2001-05-01;2196,418666;178,3918372;5135,603901;189098,4106;14,11878574;59,42891439;124,7557389;17,93;17,5;111,8623021;63,34761349;313218,377;100,8;91,2
2001-06-01;2180,470604;176,0960328;5113,754976;190278,3859;14,07124709;58,31718218;124,9155587;17,57;17,38;114,1006069;62,42008329;315374,8558;100,7;91,2
2001-07-01;2208,974411;175,5609512;5091,949131;191144,9911;14,0085017;58,83675356;125,183292;15,57;16,14;106,7811618;59,58709253;321632,2271;99;88,9
2001-08-01;2213,842202;176,8845604;5070,697153;191982,2896;14,34035749;59,93141921;125,4594536;17,03;15,73;101,3306627;59,79809176;325103,4883;101,3;91,2
2001-09-01;2225,843307;178,9440583;5054,654719;193275,1092;14,65676829;58,86403951;125,5330606;15,37;14,95;101,143342;57,74092509;327858,5259;99,9;90
2001-10-01;2255,635366;179,4443402;5028,509592;194045,9831;14,96986204;59,23997346;125,7796191;16,88;14,79;104,3855196;52,00434699;330619,3922;98,6;88,3
2001-11-01;2248,357048;178,0644882;5012,750506;194123,2159;14,70808541;58,91179336;125,9232667;15,37;14,53;107,2985557;49,96427487;322993,4735;97,9;87,5
2001-12-01;2246,256707;181,3885443;4974,756547;194827,6107;14,41633286;58,78913123;126,3254527;11,76;12,43;108,8095847;49,399544;326367,8581;98,5;88,3
2002-01-01;2255,942517;182,2742259;4953,056133;194705,7535;14,13072543;58,69220128;126,6827059;12,84;11,9;108,6830681;50,0703059;324382,6823;98,5;88,3
2002-02-01;2259,313338;184,3859357;4934,104748;194885,6113;13,91298555;59,20829625;126,8084225;11,04;10,84;106,5550803;51,24978189;326370,5602;98,8;88,4
2002-03-01;2271,982882;185,7986761;4926,722838;193634,6168;13,6799102;60,2610256;127,0096241;11,08;10,61;107,1399146;55,86589016;321403,3481;99,4;88,8
2002-04-01;2242,813991;180,2735847;4907,104953;193606,9134;13,47543336;57,07591116;127,3091588;10,83;10,45;108,2391879;57,55594611;320954,6683;99,5;89,2
2002-05-01;2283,530015;179,7805044;4896,785321;194118,372;13,65791373;57,03921112;126,8542635;9,67;9,95;105,009376;58,14998459;325313,2058;99,7;88,5
2002-06-01;2276,08266;183,521355;4891,334523;194806,1764;13,843142;60,70817363;126,6035101;10,58;9,54;101,4067396;57,65137233;325377,6699;100;90,2
2002-07-01;2283,260025;186,578271;4878,352637;195827,2034;14,01327512;60,70515804;126,6471571;8,91;8,97;95,38196116;59,88231018;328049,199;99,4;88,9
2002-08-01;2289,503255;186,8230688;4872,837522;196325,3917;13,94231647;60,82322542;126,8121915;8,74;8,78;94,95640639;60,53715946;326460,8818;99,9;90,8
2002-09-01;2299,233296;185,4065394;4860,201418;196919,9564;13,85970755;61,54433915;126,9140232;8,17;8,14;95,34364502;62,93403334;324931,667;100;89,9
2002-10-01;2285,5546;186,761565;4857,021884;196567,8962;13,771652;61,02526947;127,0398729;7,45;7,59;96,27560709;62,72255152;324266,4049;99,4;89,1
2002-11-01;2288,27178;185,6457194;4856,488218;196434,8676;13,67467795;61,76937747;126,9840334;7,19;7,05;98,58696973;59,66689971;322799,9958;100;90,4
2002-12-01;2292,778655;183,8198647;4859,313666;196259,4067;13,54486725;61,11824248;127,1963807;7,27;7,07;97,7309424;62,66294646;322787,529;98,7;88,9
2003-01-01;2304,471321;187,8261019;4745,607979;196857,5496;13,42311618;60,37460918;127,1495185;7,16;6,76;92,88243132;66,4720101;322810,1667;100,1;89,7
2003-02-01;2295,026938;188,3591412;4742,26683;197216,4436;13,33792644;61,63571712;127,2871891;6,28;6,51;94,25893953;69,35876141;325647,6694;100,3;90
2003-03-01;2290,637693;183,5616851;4730,799145;198398,5259;13,24296341;62,032975;127,5819446;6,45;6,26;90,7927953;65,73221508;325722,5634;99,6;90
2003-04-01;2327,684264;191,7969319;4725,995984;199036,6034;13,1755509;63,09779722;127,553089;6;6,07;91,89720913;60,69480462;326096,7155;99,9;89,6
2003-05-01;2314,192623;195,5174185;4722,890279;200406,8268;13,39458997;65,14015247;127,3587313;5,79;5,73;91,99887083;61,47643393;328509,6193;98,3;89,1
2003-06-01;2332,024009;193,5531541;4716,26965;198844,6576;13,6149076;64,22087609;127,4791236;5,5;5,51;89,59137744;62,99536104;331747,6593;98,3;88,5
2003-07-01;2343,544306;192,6133615;4717,309438;200321,2349;13,81971984;66,9547664;127,5939198;5,47;5,31;89,12562044;63,29983244;332471,7163;99,8;90,3
2003-08-01;2341,136906;194,70538;4715,327184;200885,9326;13,77960356;65,8901528;127,7513122;5,03;5,26;89,78538492;64,95432004;333861,043;98,8;88,4
2003-09-01;2363,27832;197,5636622;4708,168381;200610,1419;13,73120475;67,20030013;128,0826746;5,17;5,25;88,11022046;63,03861961;336676,2787;98,5;88
2003-10-01;2360,824756;199,9895159;4704,460166;201402,8431;13,67532444;68,28530746;128,5983992;5,19;5,4;86,31247948;66,39658248;340886,2951;100,8;90,4
2003-11-01;2388,526448;205,8434162;4697,850412;203278,5895;13,97598661;68,89269974;129,0409652;5,07;5,43;86,2662609;67,32716948;341810,5183;100,5;91,1
2003-12-01;2393,952123;208,3761239;4689,79268;202660,1396;14,24064003;68,75870085;129,4798301;5,17;5,53;85,90558149;69,11010823;341560,137;100,9;91,4
2004-01-01;2395,717678;198,9591833;4674,747693;203922,1185;14,51517135;70,12954713;129,5215464;4,99;5,37;85,35588008;71,96943659;340876,0389;100,7;91,6
2004-02-01;2427,605296;202,9517511;4671,284817;204675,5985;14,79526763;71,74343627;129,6685357;5,31;5,37;82,54699209;73,01879538;343594,0013;101,4;91,9
2004-03-01;2424,996318;212,459502;4669,651424;206595,4678;15,07079978;73,51081055;129,9655183;5,19;5,38;83,74756787;76,52589999;345860,2547;101,1;91,1
2004-04-01;2427,197352;244,2623469;4674,08838;208240,8448;15,37318301;76,37044343;130,6078448;5,23;5,55;83,72282591;77,07911513;355360,0973;101,7;92,3
2004-05-01;2425,069641;201,2728545;4681,008877;207163,1582;15,29673853;74,64403023;131,6594665;5,27;5,75;85,19012782;81,0704721;350734,4407;102;93,3
2004-06-01;2425,54355;198,3358194;4682,545858;209513,6861;15,22026279;72,72400918;133,0594623;4,61;5,54;88,23158012;79,15969061;356864,8109;102;92,5
2004-07-01;2434,34368;204,6944859;4684,207858;209833,9048;15,12730054;72,57388757;133,5405063;5,63;6;90,65728984;81,46057296;356911,7938;102,6;93,6
2004-08-01;2461,009667;204,8889092;4679,794483;211710,3782;15,21704937;74,11374789;133,6812988;6,16;6,32;90,73612005;84,6232986;360386,375;101,1;92,7
2004-09-01;2460,49108;205,8548082;4684,026025;213685,4078;15,30135012;73,62894362;133,8407026;6,2;6,79;92,30463734;83,64547065;361311,1983;102,2;92,5
2004-10-01;2436,825788;202,5774635;4689,810297;229775,9209;15,37637203;73,44114902;134,3597824;6,36;6,68;94,06119518;89,238684;379197,5815;102,6;93,7
2004-11-01;2445,688781;203,272255;4688,05071;219517,9287;15,24221039;73,92469144;134,8049907;6,4;6,69;96,10442199;84,52570576;366579,6581;101,6;92,2
2004-12-01;2462,270451;204,4036848;4697,711602;219830,4914;15,06883044;73,57722449;135,0744652;6,63;6,71;98,78134774;81,5946755;373555,7079;101,7;92,2
2005-01-01;2462,538788;208,1853718;4739,427606;221809,2502;14,90700389;74,3042993;134,77323;6,51;6,63;99,46923047;86,61792354;378007,9286;102,5;94,2
2005-02-01;2459,391188;203,8479606;4741,614282;224392,4801;14,98687985;72,90511744;134,7121834;6,2;6,56;102,0092829;88,89889651;382190,6116;102,1;93,3
2005-03-01;2469,047059;201,458621;4743,136394;225533,7942;15,06745552;71,24075217;134,7064816;6,62;6,36;100,6256126;97,32596175;391082,8494;102,2;94,2
2005-04-01;2484,514996;205,550008;4751,5987;228851,8255;15,1743256;72,80433466;134,8280751;6,03;5,94;97,75704459;96,62439085;398482,9177;103,4;94,9
2005-05-01;2499,534785;208,7096886;4755,840053;236685,377;15,03455096;71,32898508;134,9467958;5,56;5,55;96,7031911;93,56062709;405122,6697;102;93,8
2005-06-01;2519,354061;214,0905422;4764,327489;233453,0633;14,89320399;74,50009582;134,868821;5,24;5,37;98,90507489;99,9690124;405095,2052;103;95,6
2005-07-01;2519,462295;211,5245036;4768,982009;235673,3801;14,7347089;73,49002573;135,1201529;5,03;4,88;98,1918316;103,0470377;404432,2995;103,7;97
2005-08-01;2527,575949;213,064768;4775,850015;238286,593;14,68770162;74,53278097;135,6413587;4,81;4,77;99,30480901;109,0608466;410272,1468;102,6;94,3
2005-09-01;2536,964271;210,8614487;4787,947163;241321,8759;14,63855243;75,01000497;135,9238506;4,7;4,57;101,3187639;109,3108012;415378,186;103,9;96,6
2005-10-01;2586,323099;215,8354031;4793,283917;243867,1458;14,57790407;76,82013071;136,1594385;4,6;4,61;102,6207282;106,7290734;422009,8825;104,1;98,4
2005-11-01;2614,401818;215,3560121;4805,469761;246275,3935;14,7084991;77,63056338;135,9062589;4,49;4,62;100,0723659;102,8523611;422429,2644;105,6;97,4
2005-12-01;2504,935515;220,018294;4817,813082;250396,4609;14,79586231;80,30363519;135,8023438;4,27;4,6;103,7550459;106,0030679;422528,8418;104,9;97,6
2006-01-01;2547,555368;222,0550363;4860,22823;254455,6571;14,89717187;79,80183004;135,7205899;4,49;4,52;105,0603451;113,0942598;422896,8819;105,4;98,5
2006-02-01;2576,1412;222,2664325;4855,074067;257873,1146;14,54408674;79,78096014;135,7297907;4,27;4,29;103,9399756;111,8136624;431358,4403;105,6;98,7
2006-03-01;2572,074189;223,5079189;4867,739829;260858,692;14,19744964;80,19928921;135,5006646;4,07;4,14;102,2431596;113,3119988;433517,5295;106,2;97,8
2006-04-01;2593,554094;232,2603202;4885,382425;264801,7108;13,87657784;81,04598221;136,0085114;4,08;4,13;101,9427161;123,222966;439823,0678;106,4;99,7
2006-05-01;2612,905246;233,3246814;4901,071853;270490,2447;13,77271033;83,1836857;136,4108617;4,12;4,12;103,0823799;127,6182469;449137,4399;108;100,7
2006-06-01;2624,957616;235,0539499;4913,741984;273627,0889;13,66563028;83,36340143;136,2579267;3,96;4,12;98,41583937;125,9008965;454655,2284;108;100,5
2006-07-01;2651,156818;237,7015758;4925,688041;280892,1491;13,54069148;84,6712876;136,7960801;4,05;4,12;99,34787875;131,0612887;457803,6646;107,9;102,1
2006-08-01;2662,856033;238,242024;4943,197116;286427,1985;13,42383086;84,41968346;137,8295597;4,03;4,12;102,0446179;130,4449768;463701,5814;108,3;102,7
2006-09-01;2682,225208;243,3884013;4958,839903;291704,6823;13,30807047;85,1923857;137,9386066;3,99;4,13;100,4993531;119,2375546;471008,7737;108,4;102,3
2006-10-01;2698,9254;245,0191536;4968,971702;298142,0325;13,17877152;85,90578158;137,7967468;4,1;4,14;102,1672442;116,0878602;476125,216;108,1;101,9
2006-11-01;2695,009051;248,0609845;4989,572903;305309,8079;13,04221137;86,64061325;137,8287905;3,98;4,13;104,6972639;117,3110821;484148,7874;109;103,7
2006-12-01;2739,748572;254,7272655;5014,33003;315151,5272;12,85847166;87,72966245;137,7368305;4,03;4,12;103,6395185;121,0129364;489831,7984;111,1;104,6
2007-01-01;2743,663418;253,1520006;5043,059774;320895,1504;12,69078814;89,03405888;137,8514176;4,02;4,12;101,6347559;113,037233;504354,2207;110;104,4
2007-02-01;2755,684768;257,3897447;5061,955026;327891,9232;12,503161;88,9377027;138,2241703;4,06;4,12;101,8873155;118,4911123;509046,4368;110,6;105,2
2007-03-01;2813,026133;263,7945934;5084,986274;338892,251;12,32735816;90,44463892;138,7550835;4,04;4,13;102,5353194;122,3279044;511606,5096;111,2;105,8
2007-04-01;2808,036491;262,4686209;5101,458259;349393,5997;12,17756196;89,47985627;139,0684166;3,93;4,24;104,8356119;128,9678764;518043,6544;110;104,9
2007-05-01;2850,757633;264,9060837;5116,571485;357668,7335;12,07632412;89,97985694;139,4693691;4,33;4,4;105,5552577;129,9011284;521023,2559;112;106,9
2007-06-01;2870,203714;268,8043769;5141,393839;368905,9875;11,97055756;89,72075257;139,722503;4,36;4,44;104,9759743;132,9486567;521731,142;112;107,1
2007-07-01;2892,912471;271,616859;5159,139323;378386,4916;11,84583703;91,58398753;139,8629831;4,57;4,68;105,6150026;138,3427744;529264,9113;112,1;107,7
2007-08-01;2926,255721;275,4557714;5183,151105;387333,1965;11,92636138;91,69625244;139,9520908;4,53;4,77;103,6285774;133,2020286;538626,8019;112,8;108
2007-09-01;2941,1767;277,9592556;5194,615345;397558,4446;12,01110896;91,61753152;140,8945861;4,68;4,96;106,1067275;140,7639263;539175,5856;112,4;109
2007-10-01;2978,671838;280,9270348;5218,711363;407107,3417;12,08022497;93,439363;141,4637243;5,02;4,97;108,1297266;147,8764014;541816,5253;113,2;109,2
2007-11-01;3025,041251;284,5042179;5237,177033;416889,3864;11,8433543;94,22453557;142,4733813;5,04;5,12;110,6515505;157,9372488;550017,9568;112,5;108,9
2007-12-01;2950,279779;280,1542881;5260,690515;425702,1407;11,55482866;94,29766793;143,0724925;4,46;5,62;111,2218383;156,8279358;555232,9449;112,9;109,8
2008-01-01;3057,837652;292,7940355;5339,250879;437593,5671;11,28472253;98,43209308;143,6730675;5,2;5,43;111,8291613;162,4761854;569421,4137;114,1;110,7
2008-02-01;3104,063453;295,9312998;5361,823774;447261,4355;11,0616702;98,60720414;144,2089817;5,4;5,53;112,1516089;171,4115792;577574,6025;114;110,4
2008-03-01;3108,754198;293,4119539;5379,905735;459344,9169;10,85614672;95,15209396;144,5998825;5,74;5,82;114,6966446;182,3193079;581262,9238;113,4;110,1
2008-04-01;3148,597176;300,8784298;5386,266581;471770,1682;10,67677804;97,37948102;144,8172209;6,09;6,11;117,8619784;189,7635295;595550,9879;114,9;110,8
2008-05-01;3159,584447;295,5459224;5391,548961;483671,4558;11,01226764;92,78830334;145,7290084;5,87;6,18;118,955037;204,0841686;599900,6175;111,5;108,3
2008-06-01;3210,926415;300,2162229;5389,917741;495817,9777;11,34141912;95,25493971;146,2749383;5,97;6,25;119,2744746;215,73171;606995,6701;111,7;109,4
2008-07-01;3211,846773;295,1355749;5399,546174;506547,121;11,65071684;93,90699032;146,8121838;5,95;6,27;122,8370692;220,0302507;618023,9966;110,7;107,7
2008-08-01;3220,655248;292,1543366;5399,975703;519108,3034;11,49644075;91,05277283;146,9481476;6,21;6,25;119,1574605;196,1464524;629420,8451;109,9;109,5
2008-09-01;3240,735033;297,6666034;5405,583238;528276,5596;11,34995655;92,79974162;147,2452624;5,88;6,31;117,6153192;176,6101111;632729,8468;109,1;107,4
2008-10-01;3257,508086;295,8392154;5404,565108;540295,4983;11,18509451;91,29746107;147,6189527;5,84;6,54;109,3338713;139,4230119;635691,7974;106,5;105,1
2008-11-01;3267,410122;293,9884726;5396,83996;543195,8034;11,24856237;87,70653962;147,9272838;5,64;6,47;108,3163745;115,0200974;649563,5136;102,3;100,5
2008-12-01;3109,852862;291,0032146;5379,001686;552042,8476;11,25504717;86,26110284;148,0075671;5,25;6,06;105,3774561;98,17519711;658371,4109;98,6;96,8
2009-01-01;3309,93173;302,0172966;5362,77944;554527,2749;11,28249154;85,61962793;148,2934774;4,91;5,26;96,40125354;102,5258946;669684,0578;94,6;90,1
2009-02-01;3283,029556;303,9731576;5342,214535;560647,7078;11,54459291;87,27300141;149,5093617;3,92;4,41;89,46286649;98,21197522;680482,4281;92,5;87,2
2009-03-01;3283,789345;295,4460653;5322,139929;565550,9813;11,82972279;88,86541042;150,2659619;2,93;3,97;92,2694672;100,1536547;682863,3258;91,4;87,2
2009-04-01;3297,892099;300,3212915;5307,475541;565587,7194;12,14176203;88,31628329;150,9742876;3,01;3,64;95,53108078;104,0942347;681514,9363;90,2;84,6
2009-05-01;3291,271128;297,0141341;5294,807292;568114,5826;12,19435477;89,05165664;151,5180313;3,52;3,94;96,69276079;114,8594972;685135,1708;92,2;88,3
2009-06-01;3300,257784;295,7645307;5279,843063;571985,7987;12,23929746;89,17716633;152,0545012;3,12;3,95;93,52330837;128,2956835;694158,9038;92,8;89,7
2009-07-01;3334,591798;301,0790589;5272,811144;574184,6065;12,2624068;89,55805927;152,7902575;2,81;3,62;98,50473095;123,4746147;691696,8339;93,1;88,8
2009-08-01;3324,914663;301,8556249;5272,392932;576904,3435;12,60093765;91,40193461;152,9430553;2,85;3,53;101,7795202;132,9361056;686345,5969;93;90
2009-09-01;3342,755925;295,8532323;5269,360998;580946,4411;12,95006079;91,06865483;152,8825043;2,84;3,52;102,7234419;127,5992945;693823,2229;95,3;93,6
2009-10-01;3343,212558;298,0810857;5267,374575;584857,3797;13,27834214;92,18214528;152,8477565;2,82;3,52;101,5077298;134,8005139;711194,3554;94,8;91,7
2009-11-01;3354,003514;302,794114;5268,843054;584722,9467;13,65864984;94,33652851;153,3565087;3,04;3,54;102,5879027;140,7762628;701208,4444;95,1;92,3
2009-12-01;3341,860754;301,7559128;5273,14154;588416,7487;13,40379267;92,85631235;153,4994324;2,46;3,68;100,9540513;140,6898282;711436,329;95,2;92,7
2010-01-01;3347,123254;301,9009714;5288,358135;592738,6763;13,36801695;94,46501721;153,9645635;2,86;3,65;103,2408105;145,9091264;711882,6778;96,7;94
2010-02-01;3385,945473;296,4148774;5283,582624;596664,965;13,48618164;95,38134036;154,198282;2,93;3,62;103,1484007;142,2772183;715231,1606;96,2;93
2010-03-01;3412,521292;305,9685105;5290,514072;596679,1912;14,00328913;98,88904163;154,429566;2,94;3,62;106,6008455;148,8013793;720533,4255;98;95,2
2010-04-01;3392,776671;291,6230533;5306,999385;597208,7255;13,88767138;96,37922516;154,6380027;3,07;3,61;106,3430581;157,8667941;722900,3479;98,4;97,2
2010-05-01;3434,747504;306,2477733;5321,503557;602132,1798;13,59118636;100,9183388;154,9296624;3,22;3,62;99,55943935;146,6968414;737599,4554;100,4;100,2
2010-06-01;3413,983446;307,4588571;5334,33097;603843,434;13,31508531;101,5924146;155,6725797;3,23;3,63;99,87695795;143,6686493;743297,5627;100,3;99,2
2010-07-01;3428,133479;311,6666515;5347,54328;607979,0897;13,89572595;101,2987106;155,9211242;3,08;3,62;101,6768968;144,2925077;745820,9427;100;99,2
2010-08-01;3458,621275;314,1852599;5353,887496;610503,3278;13,88156454;101,6807403;156,0668582;3,18;3,6;101,718935;148,6194363;750649,823;100,2;100,5
2010-09-01;3461,188015;314,5445485;5367,258369;614718,5217;13,95158142;101,8005215;156,9337045;3,02;3,61;104,8941013;150,3673772;755668,0865;101,1;101,8
2010-10-01;3475,071496;317,2289124;5377,105941;618185,8515;13,88761303;101,4051677;157,4698181;3,22;3,61;105,8858033;159,6141747;756634,2051;102,2;103,9
2010-11-01;3491,403545;315,9756605;5386,272201;622025,7079;13,80818864;101,615778;157,6768691;3,05;3,61;104,4737261;164,9206838;764750,7212;102,8;103,4
2010-12-01;3511,972513;324,770849;5398,220687;623429,7412;13,94922301;103,0496206;158,3643241;3,1;3,64;103,638298;174,7931654;773758,1273;103,6;105,3
2011-01-01;3516,986864;312,7427238;5487,510427;628426,6187;13,90797985;103,8208701;159,8278443;3,26;3,74;106,2390721;182,3962646;770014,038;103,3;104,6
2011-02-01;3527,957867;321,4816393;5502,419379;632162,2245;13,70513199;105,462541;160,0820707;3,44;3,87;104,5273317;190,0660645;775692,0277;104,2;105,7
2011-03-01;3553,581412;322,4797133;5504,567206;635415,4173;13,74676018;104,2247137;161,1968462;3,71;3,9;104,0984645;199,9149123;800017,1291;104,2;106,1
2011-04-01;3583,152485;330,2371693;5512,579812;642513,7294;13,63537148;105,7352593;161,6015527;3,83;4,07;106,3482718;210,3669713;792141,9365;103,8;106,3
2011-05-01;3578,175084;330,5187788;5515,140989;648673,5866;13,5924587;106,7742158;162,4400248;3,76;4,26;105,4592859;199,7137371;795288,6718;104,4;107,3
2011-06-01;3591,251741;329,9862658;5523,478563;653846,4435;13,69846847;104,5434073;161,990313;4,34;4,54;105,702616;196,2948573;798010,5684;102,9;105,7
2011-07-01;3619,957489;328,5011931;5525,200017;656935,9972;13,5803055;104,8246363;162,0403943;4,51;4,62;103,7137767;199,0820722;801983,9033;104,3;109
2011-08-01;3632,488428;331,8295342;5521,676131;658989,3283;13,52587964;107,5520006;162,7636892;4,51;4,61;100,9947526;190,7231761;817015,6029;104,6;108,2
2011-09-01;3645,753144;337,1457174;5518,601579;661978,8834;13,22907384;108,7431356;162,963125;4,48;4,63;94,5525326;188,8051568;832602,0565;103,1;106,4
2011-10-01;3651,73563;343,0445384;5514,838471;665054,2124;13,25488499;108,0385601;163,7700815;4,48;4,66;97,18913016;183,0336212;835850,6783;102,9;107,7
2011-11-01;3652,797064;337,7828352;5520,883671;676011,8438;13,06214409;109,0056061;164,8769192;4,6;4,73;94,32801436;186,3475508;854843,5854;103;107
2011-12-01;3676,597876;341,435858;5522,605809;678252,3841;13,20516846;113,3525812;165,6173779;4,22;4,76;92,79256947;184,1038819;870089,654;102,4;105,8
2012-01-01;3785,464008;340,4217031;5537,347237;683417,0346;13,2687427;110,010898;166,4342907;4,34;4,75;94,95095564;188,4681761;875511,285;101,8;106,2
2012-02-01;3664,208983;337,3159692;5533,26856;686668,8491;13,36559199;106,9926731;167,0910965;4,42;4,75;99,45173326;195,8771187;871824,661;102,1;106,8
2012-03-01;3696,927952;344,4618774;5534,057568;690999,366;14,02096254;107,4339422;167,6189796;4,55;4,72;100,1997877;201,8759446;873185,4915;102,3;107,5
2012-04-01;3696,123523;340,5905806;5530,05547;692730,3699;14,07329057;108,8119863;168,20297;4,52;4,71;99,56633012;197,4726635;872804,7667;101,3;105,9
2012-05-01;3712,304135;341,0016144;5531,645136;694875,393;13,91382589;109,2713357;168,3980139;4,69;4,85;95,95910469;185,2899486;883936,3726;102,1;107,7
2012-06-01;3744,665081;338,0248777;5528,316932;697738,5284;13,61247931;107,3946829;168,9089015;4,88;4,91;97,50043579;170,0617551;885462,6131;101,2;106,6
2012-07-01;3706,920359;341,650536;5525,799571;701048,5428;13,89512003;108,2261641;168,6174376;4,84;4,91;97,62713907;177,9794444;890049,6384;101,7;107,4
2012-08-01;3731,714606;338,4837469;5522,869812;703790,46;13,99017869;107,7237763;168,8147217;4,9;4,91;100,2058345;185,4720003;896870,0027;102,6;107,6
2012-09-01;3730,72124;343,0687909;5517,341242;704780,2164;14,08514904;107,729953;169,032295;4,88;4,9;100,3891737;187,1606119;896093,2589;100,7;106,3
2012-10-01;3744,342857;338,7435705;5512,674978;705607,6247;14,06089453;108,4718;169,4264365;4,79;4,83;100,7784541;183,1963585;902737,0617;100;104,8
2012-11-01;3754,209705;340,428393;5502,467422;707202,5202;14,19391639;108,1706398;169,6545653;4,7;4,64;99,83685441;180,5349398;903434,8531;99,1;104,1
2012-12-01;3771,381472;336,6038545;5491,899289;709250,4557;14,84107683;105,0991743;169,8621576;4,37;4,33;101,4922616;182,2708303;909359,8887;99,6;104,6
2013-01-01;3782,923438;343,1409291;5494,307395;707469,5487;15,28052601;108,2858128;169,761315;4,12;4,12;100,6173969;187,4492397;914380,7413;99,3;103,7
2013-02-01;3791,387087;342,7088682;5488,914377;709891,3964;15,14847595;107,8929977;169,7226531;3,92;3,87;98,73300952;190,6307576;920033,82;99,4;104,5
2013-03-01;3762,793745;340,4486112;5483,961251;710504,7334;15,27771893;109,0312572;169,7749577;3,5;3,48;99,16901486;183,7526315;930645,8721;100,5;106,3
2013-04-01;3801,195612;342,5587353;5477,696136;711786,2682;15,40420731;106,8378321;170,0492256;3,32;3,33;101,0277117;178,9054845;937471,5191;100,6;106,3
2013-05-01;3786,951702;342,8586836;5481,392819;713437,9566;15,22622177;107,2939004;169,7840165;3,14;3,09;98,78250018;179,4909253;941584,19;100,5;105,3
2013-06-01;3818,729421;352,878245;5485,881748;715383,439;15,21506926;112,5425918;169,9468495;2,82;2,86;97,37799427;179,1588349;947352,2053;100,8;107,2
2013-07-01;3838,056071;351,0920429;5487,561161;717848,3083;15,7666882;112,5766431;170,8865806;2,47;2,65;97,63481631;183,5917512;948409,8556;100;105,6
2013-08-01;3835,488719;353,0574897;5494,864141;721140,9304;15,84163564;112,8184175;171,0601676;2,59;2,62;98,65002245;185,8338807;951376,6962;100,7;107,7
2013-09-01;3855,013748;356,238399;5498,416114;725575,4129;15,6875418;112,4467847;171,286889;2,55;2,61;98,83445104;185,153466;950851,5235;101;107,3
2013-10-01;3867,239714;352,5969515;5501,990369;727589,6126;15,85254848;113,5374431;171,2771435;2,55;2,6;100,302812;182,1836157;955780,7247;100,4;106,5
2013-11-01;3884,976727;354,9379742;5505,07652;730468,4408;15,87111892;113,3023615;171,0302703;2,59;2,6;99,98760923;179,6042228;955073,3825;101,7;108,4
2013-12-01;3885,577563;354,5592653;5505,961573;734589,498;15,75649101;109,9304242;171,211915;2,48;2,6;101,2560765;183,9303022;965960,5762;101,5;108,6
2014-01-01;3894,958046;355,7831553;5494,520985;737608,0447;15,56422847;112,5988569;171,1839877;2,63;2,61;99,84666709;180,0580267;963412,5598;101,2;107,9
2014-02-01;3926,68067;364,5653041;5499,667749;742836,5797;15,57551062;113,2437216;171,3464874;2,53;2,61;100,7587643;183,2506436;968265,4757;101,4;107,8
2014-03-01;3922,901852;360,9739419;5509,322887;746251,8618;15,42872697;112,1222453;171,3175511;2,59;2,61;100,369606;183,1389234;979018,9695;100,9;108,2
2014-04-01;3936,129136;363,2261008;5513,751254;750536,9726;14,9591058;115,2956477;170,8848362;2,57;2,62;100,8820655;184,6722726;988537,5344;102;107,8
2014-05-01;3965,342963;360,3567064;5517,506144;756438,7455;14,95142129;114,6227068;170,6353886;2,6;2,62;100,1197894;184,272981;990989,8634;101,3;107,2
2014-06-01;3963,045381;358,0331685;5524,744132;759691,6364;14,8771216;112,4494698;170,7594959;2,65;2,61;100,991178;185,2054615;997011,242;101;107,3
2014-07-01;3974,556474;363,859666;5530,340115;760391,2049;15,00399244;115,5715574;170,8665589;2,61;2,6;99,96466577;181,314306;1005656,952;101,7;109,1
2014-08-01;3982,608711;366,2906223;5537,257566;763464,5292;14,90142553;113,0842162;170,8177705;2,63;2,6;98,56983079;175,3049934;1022081,412;100,2;105,2
2014-09-01;3991,172448;365,1815607;5542,098928;765382,2198;14,82001963;115,3279521;170,8666743;2,6;2,52;97,97304094;168,5837752;1025726,29;101,4;107,8
2014-10-01;4007,435766;364,2456317;5547,822821;765494,1728;14,70789561;115,5782404;170,5518567;2,2;2,14;98,26834862;157,6298083;1029092,717;101,3;108,2
2014-11-01;4011,814802;366,4221708;5555,263293;771067,7883;14,84745326;116,0484383;170,3144654;2,09;2,05;98,41109011;148,4860748;1035059,802;101,2;108,1
2014-12-01;4038,429784;362,9056338;5562,309499;771892,3085;14,91573521;116,0249512;169,7717231;2,06;2,08;98,08229556;130,8739656;1044845,294;102,4;109,9
2015-01-01;4040,679745;369,2075853;5560,399187;776701,2846;15,015911;116,8962761;169,3008286;1,99;2,05;95,20647772;114,7846082;1045753,315;102,1;108,1
2015-02-01;4053,371242;371,2117951;5562,772311;779922,9465;15,0013928;118,4547944;169,0662356;2,05;1,96;97,85003567;121,1190718;1052536,427;103,4;108,5
2015-03-01;4091,943659;379,0860283;5567,468472;786102,2508;15,02806104;119,7722223;169,1597343;1,68;1,67;96,22005323;117,2719711;1064638,047;103,7;108,7
2015-04-01;4068,701835;368,8787511;5572,495539;786266,4072;15,08113069;117,5472637;169,4106833;1,6;1,64;99,30081333;119,5658968;1058445,739;103,1;109
2015-05-01;4087,610337;376,9358298;5579,313339;791277,3169;15,28062006;119,7816234;169,3614155;1,55;1,64;97,74411458;124,8899553;1065733,247;103,2;109,2
2015-06-01;4074,321684;374,8116922;5576,694301;796726,1949;15,46789103;118,3951805;169,46084;1,59;1,65;97,42979964;122,8423065;1078661,129;103,7;109,3
2015-07-01;4093,119418;373,4311295;5583,427096;801235,9078;15,62784167;120,1985686;169,6666956;1,58;1,66;96,19809027;114,8411365;1091140,714;104,3;110,4
2015-08-01;4120,674149;376,7805657;5593,00708;806417,867;15,85485338;119,8385745;169,6011089;1,65;1,66;96,67445995;104,3112432;1096242,382;103,1;108,3
2015-09-01;4146,419566;374,4615656;5600,258619;808951,3341;16,10242708;119,8567379;169,1773275;1,61;1,66;95,94512213;103,6053647;1110825,963;103,6;108,5
2015-10-01;4156,546088;379,8400209;5612,993835;814135,8151;16,31991982;121,4702277;169,0445573;1,59;1,67;95,16599422;103,5396471;1121237,627;104,3;108,7
2015-11-01;4168,559409;384,3195128;5622,835834;816785,5051;16,64069952;122,7474818;168,9076434;1,6;1,67;93,57926985;97,4769409;1131708,373;103,6;108,2
2015-12-01;4192,54204;387,3286839;5638,993929;820339,6114;16,89152118;123,0675234;168,5173828;1,52;1,66;94,8960082;90,84483372;1139420,179;103,4;108,9
2016-01-01;4201,368218;381,6102141;5690,018068;826996,1094;17,17355448;120,3313173;167,6748777;1,53;1,63;91,63974181;83,21774165;1152191,274;105,7;110,8
2016-02-01;4211,677672;383,5514558;5699,76895;828707,9329;17,12506844;122,8006587;167,3383111;1,39;1,58;92,53214791;83,98254444;1158641,308;104,3;109,9
2016-03-01;4214,435785;380,8252101;5716,656417;830930,0551;17,11692364;120,7959846;167,368892;1,43;1,56;94,31828496;92,38465071;1161156,802;103,8;109,4
2016-04-01;4254,664675;393,0214075;5725,072928;836495,897;17,1344998;123,7326256;167,4195687;1,63;1,56;93,34242606;96,44354939;1181208,378;105,2;109,9
2016-05-01;4251,562827;393,5885055;5734,962941;836759,6172;17,31434654;121,6329665;167,5774571;1,6;1,58;90,81379888;102,2257253;1189261,996;103,8;108,8
2016-06-01;4260,941531;397,5544777;5750,814916;839194,0462;17,48318139;124,9688512;167,9776153;1,56;1,63;91,76739457;105,5200058;1201907,924;104,5;110,3
2016-07-01;4292,217185;396,5738107;5761,492289;843292,7324;17,62513653;121,1656782;167,9026358;1,61;1,65;90,98986124;102,8161294;1208222,236;103,9;108,4
2016-08-01;4292,132283;397,6815164;5766,372969;845996,7498;17,65917044;123,8004319;168,2301708;1,58;1,65;93,34497883;102,7590974;1206649,953;105,6;111
2016-09-01;4303,536021;399,4300853;5779,250926;852922,8315;17,71352836;124,0568712;168,322262;1,66;1,65;93,08982289;102,4851696;1214866,537;105,1;110,3
2016-10-01;4319,781711;404,1459751;5786,190477;856398,083;17,73798178;122,8765812;168,7712077;1,62;1,65;92,9882769;108,1781119;1218973,322;105,1;110,4
2016-11-01;4339,303226;405,2364121;5799,023178;856949,556;17,88014688;124,2156101;169,0294146;1,49;1,66;90,81451782;106,5780384;1241458,984;106,9;111,1
2016-12-01;4341,692143;410,8459018;5812,90132;860342,6025;17,9529824;127,9406979;170,0835703;1,47;1,66;90,18286892;114,3656641;1248527,298;105,8;108,9
2017-01-01;4380,676728;417,8841389;5946,400685;864367,0562;18,05665266;128,8287458;170,6309951;1,56;1,66;92,08623634;118,1725767;1250242,021;106;110,7
2017-02-01;4395,521603;414,7468204;5963,349666;869039,7139;17,90744517;127,6138663;171,0785116;1,6;1,66;92,13696266;118,6159995;1253513,307;105,8;111,3
2017-03-01;4428,506848;416,2079253;5970,951499;874599,933;17,79813901;129,9121342;170,7410335;1,57;1,66;93,45180645;113,3149448;1251860,362;106,2;111,4
2017-04-01;4439,374317;418,8869024;5984,984833;882259,1935;17,7142533;129,0250009;170,7958963;1,61;1,66;94,31750936;113,2268761;1260210,092;106,5;112,3
2017-05-01;4464,582767;417,5737456;5991,145919;886309,6151;17,84883313;130,0963779;170,763121;1,62;1,66;96,12307859;110,5894616;1263741,327;108;113,9
2017-06-01;4502,637247;419,6097256;5999,688211;890483,1051;17,85739384;130,3836486;170,5790514;1,56;1,66;96,06045769;106,8409774;1262265,578;107,3;112,8
